"Name","ID","Abbr","Alt_Abbr","Alias","Key","Xoffset","Yoffset","Scale","Rotate","DoAdj","MapL","MapX","MapY","CCode"
"ADAIR","072","ADAIR","ADAIR","ADAIR","ADAIR",0,0,1,0,FALSE,NA,NA,NA,3
"ALLEN","008","ALLEN","ALLEN","ALLEN","ALLEN",0,0,1,0,FALSE,NA,NA,NA,1
"ANDERSON","016","ANDERSON","ANDERSON","ANDERSON","ANDERSON",0,0,1,0,FALSE,NA,NA,NA,3
"BALLARD","115","BALLARD","BALLARD","BALLARD","BALLARD",0,0,1,0,FALSE,NA,NA,NA,3
"BARREN","007","BARREN","BARREN","BARREN","BARREN",0,0,1,0,FALSE,NA,NA,NA,3
"BATH","052","BATH","BATH","BATH","BATH",0,0,1,0,FALSE,NA,NA,NA,3
"BELL","044","BELL","BELL","BELL","BELL",0,0,1,0,FALSE,NA,NA,NA,1
"BOONE","098","BOONE","BOONE","BOONE","BOONE",0,0,1,0,FALSE,NA,NA,NA,4
"BOURBON","027","BOURBON","BOURBON","BOURBON","BOURBON",0,0,1,0,FALSE,NA,NA,NA,2
"BOYD","047","BOYD","BOYD","BOYD","BOYD",0,0,1,0,FALSE,NA,NA,NA,3
"BOYLE","020","BOYLE","BOYLE","BOYLE","BOYLE",0,0,1,0,FALSE,NA,NA,NA,2
"BRACKEN","033","BRACKEN","BRACKEN","BRACKEN","BRACKEN",0,0,1,0,FALSE,NA,NA,NA,2
"BREATHITT","066","BREATHITT","BREATHITT","BREATHITT","BREATHITT",0,0,1,0,FALSE,NA,NA,NA,2
"BRECKINRIDGE","090","BRECKINRIDGE","BRECKINRIDGE","BRECKINRIDGE","BRECKINRIDGE",0,0,1,0,FALSE,NA,NA,NA,2
"BULLITT","080","BULLITT","BULLITT","BULLITT","BULLITT",0,0,1,0,FALSE,NA,NA,NA,4
"BUTLER","003","BUTLER","BUTLER","BUTLER","BUTLER",0,0,1,0,FALSE,NA,NA,NA,2
"CALDWELL","109","CALDWELL","CALDWELL","CALDWELL","CALDWELL",0,0,1,0,FALSE,NA,NA,NA,2
"CALLOWAY","122","CALLOWAY","CALLOWAY","CALLOWAY","CALLOWAY",0,0,1,0,FALSE,NA,NA,NA,4
"CAMPBELL","100","CAMPBELL","CAMPBELL","CAMPBELL","CAMPBELL",0,0,1,0,FALSE,NA,NA,NA,2
"CARLISLE","116","CARLISLE","CARLISLE","CARLISLE","CARLISLE",0,0,1,0,FALSE,NA,NA,NA,2
"CARROLL","101","CARROLL","CARROLL","CARROLL","CARROLL",0,0,1,0,FALSE,NA,NA,NA,2
"CARTER","048","CARTER","CARTER","CARTER","CARTER",0,0,1,0,FALSE,NA,NA,NA,2
"CASEY","074","CASEY","CASEY","CASEY","CASEY",0,0,1,0,FALSE,NA,NA,NA,4
"CHRISTIAN","113","CHRISTIAN","CHRISTIAN","CHRISTIAN","CHRISTIAN",0,0,1,0,FALSE,NA,NA,NA,4
"CLARK","029","CLARK","CLARK","CLARK","CLARK",0,0,1,0,FALSE,NA,NA,NA,4
"CLAY","041","CLAY","CLAY","CLAY","CLAY",0,0,1,0,FALSE,NA,NA,NA,3
"CLINTON","077","CLINTON","CLINTON","CLINTON","CLINTON",0,0,1,0,FALSE,NA,NA,NA,3
"CRITTENDEN","107","CRITTENDEN","CRITTENDEN","CRITTENDEN","CRITTENDEN",0,0,1,0,FALSE,NA,NA,NA,1
"CUMBERLAND","078","CUMBERLAND","CUMBERLAND","CUMBERLAND","CUMBERLAND",0,0,1,0,FALSE,NA,NA,NA,2
"DAVIESS","060","DAVIESS","DAVIESS","DAVIESS","DAVIESS",0,0,1,0,FALSE,NA,NA,NA,3
"EDMONSON","005","EDMONSON","EDMONSON","EDMONSON","EDMONSON",0,0,1,0,FALSE,NA,NA,NA,1
"ELLIOTT","049","ELLIOTT","ELLIOTT","ELLIOTT","ELLIOTT",0,0,1,0,FALSE,NA,NA,NA,3
"ESTILL","032","ESTILL","ESTILL","ESTILL","ESTILL",0,0,1,0,FALSE,NA,NA,NA,3
"FAYETTE","024","FAYETTE","FAYETTE","FAYETTE","FAYETTE",0,0,1,0,FALSE,NA,NA,NA,3
"FLEMING","036","FLEMING","FLEMING","FLEMING","FLEMING",0,0,1,0,FALSE,NA,NA,NA,2
"FLOYD","014","FLOYD","FLOYD","FLOYD","FLOYD",0,0,1,0,FALSE,NA,NA,NA,2
"FRANKLIN","017","FRANKLIN","FRANKLIN","FRANKLIN","FRANKLIN",0,0,1,0,FALSE,NA,NA,NA,4
"FULTON","118","FULTON","FULTON","FULTON","FULTON",0,0,1,0,FALSE,NA,NA,NA,2
"GALLATIN","102","GALLATIN","GALLATIN","GALLATIN","GALLATIN",0,0,1,0,FALSE,NA,NA,NA,1
"GARRARD","022","GARRARD","GARRARD","GARRARD","GARRARD",0,0,1,0,FALSE,NA,NA,NA,3
"GRANT","104","GRANT","GRANT","GRANT","GRANT",0,0,1,0,FALSE,NA,NA,NA,2
"GRAVES","120","GRAVES","GRAVES","GRAVES","GRAVES",0,0,1,0,FALSE,NA,NA,NA,3
"GRAYSON","092","GRAYSON","GRAYSON","GRAYSON","GRAYSON",0,0,1,0,FALSE,NA,NA,NA,3
"GREEN","073","GREEN","GREEN","GREEN","GREEN",0,0,1,0,FALSE,NA,NA,NA,4
"GREENUP","046","GREENUP","GREENUP","GREENUP","GREENUP",0,0,1,0,FALSE,NA,NA,NA,1
"HANCOCK","062","HANCOCK","HANCOCK","HANCOCK","HANCOCK",0,0,1,0,FALSE,NA,NA,NA,4
"HARDIN","093","HARDIN","HARDIN","HARDIN","HARDIN",0,0,1,0,FALSE,NA,NA,NA,1
"HARLAN","045","HARLAN","HARLAN","HARLAN","HARLAN",0,0,1,0,FALSE,NA,NA,NA,3
"HARRISON","026","HARRISON","HARRISON","HARRISON","HARRISON",0,0,1,0,FALSE,NA,NA,NA,3
"HART","006","HART","HART","HART","HART",0,0,1,0,FALSE,NA,NA,NA,2
"HENDERSON","057","HENDERSON","HENDERSON","HENDERSON","HENDERSON",0,0,1,0,FALSE,NA,NA,NA,1
"HENRY","081","HENRY","HENRY","HENRY","HENRY",0,0,1,0,FALSE,NA,NA,NA,1
"HICKMAN","117","HICKMAN","HICKMAN","HICKMAN","HICKMAN",0,0,1,0,FALSE,NA,NA,NA,1
"HOPKINS","110","HOPKINS","HOPKINS","HOPKINS","HOPKINS",0,0,1,0,FALSE,NA,NA,NA,1
"JACKSON","038","JACKSON","JACKSON","JACKSON","JACKSON",0,0,1,0,FALSE,NA,NA,NA,2
"JEFFERSON","082","JEFFERSON","JEFFERSON","JEFFERSON","JEFFERSON",0,0,1,0,FALSE,NA,NA,NA,3
"JESSAMINE","023","JESSAMINE","JESSAMINE","JESSAMINE","JESSAMINE",0,0,1,0,FALSE,NA,NA,NA,4
"JOHNSON","011","JOHNSON","JOHNSON","JOHNSON","JOHNSON",0,0,1,0,FALSE,NA,NA,NA,3
"KENTON","099","KENTON","KENTON","KENTON","KENTON",0,0,1,0,FALSE,NA,NA,NA,3
"KNOTT","069","KNOTT","KNOTT","KNOTT","KNOTT",0,0,1,0,FALSE,NA,NA,NA,3
"KNOX","042","KNOX","KNOX","KNOX","KNOX",0,0,1,0,FALSE,NA,NA,NA,2
"LARUE","094","LARUE","LARUE","LARUE","LARUE",0,0,1,0,FALSE,NA,NA,NA,3
"LAUREL","040","LAUREL","LAUREL","LAUREL","LAUREL",0,0,1,0,FALSE,NA,NA,NA,1
"LAWRENCE","050","LAWRENCE","LAWRENCE","LAWRENCE","LAWRENCE",0,0,1,0,FALSE,NA,NA,NA,1
"LEE","065","LEE","LEE","LEE","LEE",0,0,1,0,FALSE,NA,NA,NA,1
"LESLIE","067","LESLIE","LESLIE","LESLIE","LESLIE",0,0,1,0,FALSE,NA,NA,NA,2
"LETCHER","070","LETCHER","LETCHER","LETCHER","LETCHER",0,0,1,0,FALSE,NA,NA,NA,2
"LEWIS","037","LEWIS","LEWIS","LEWIS","LEWIS",0,0,1,0,FALSE,NA,NA,NA,3
"LINCOLN","021","LINCOLN","LINCOLN","LINCOLN","LINCOLN",0,0,1,0,FALSE,NA,NA,NA,1
"LIVINGSTON","106","LIVINGSTON","LIVINGSTON","LIVINGSTON","LIVINGSTON",0,0,1,0,FALSE,NA,NA,NA,4
"LOGAN","001","LOGAN","LOGAN","LOGAN","LOGAN",0,0,1,0,FALSE,NA,NA,NA,1
"LYON","108","LYON","LYON","LYON","LYON",0,0,1,0,FALSE,NA,NA,NA,3
"MADISON","030","MADISON","MADISON","MADISON","MADISON",0,0,1,0,FALSE,NA,NA,NA,1
"MAGOFFIN","012","MAGOFFIN","MAGOFFIN","MAGOFFIN","MAGOFFIN",0,0,1,0,FALSE,NA,NA,NA,1
"MARION","097","MARION","MARION","MARION","MARION",0,0,1,0,FALSE,NA,NA,NA,1
"MARSHALL","121","MARSHALL","MARSHALL","MARSHALL","MARSHALL",0,0,1,0,FALSE,NA,NA,NA,2
"MARTIN","013","MARTIN","MARTIN","MARTIN","MARTIN",0,0,1,0,FALSE,NA,NA,NA,4
"MASON","034","MASON","MASON","MASON","MASON",0,0,1,0,FALSE,NA,NA,NA,4
"MCCRACKEN","119","MCCRACKEN","MCCRACKEN","MCCRACKEN","MCCRACKEN",0,0,1,0,FALSE,NA,NA,NA,1
"MCCREARY","089","MCCREARY","MCCREARY","MCCREARY","MCCREARY",0,0,1,0,FALSE,NA,NA,NA,3
"MCLEAN","059","MCLEAN","MCLEAN","MCLEAN","MCLEAN",0,0,1,0,FALSE,NA,NA,NA,2
"MEADE","091","MEADE","MEADE","MEADE","MEADE",0,0,1,0,FALSE,NA,NA,NA,3
"MENIFEE","054","MENIFEE","MENIFEE","MENIFEE","MENIFEE",0,0,1,0,FALSE,NA,NA,NA,4
"MERCER","019","MERCER","MERCER","MERCER","MERCER",0,0,1,0,FALSE,NA,NA,NA,1
"METCALFE","009","METCALFE","METCALFE","METCALFE","METCALFE",0,0,1,0,FALSE,NA,NA,NA,1
"MONROE","010","MONROE","MONROE","MONROE","MONROE",0,0,1,0,FALSE,NA,NA,NA,4
"MONTGOMERY","053","MONTGOMERY","MONTGOMERY","MONTGOMERY","MONTGOMERY",0,0,1,0,FALSE,NA,NA,NA,1
"MORGAN","055","MORGAN","MORGAN","MORGAN","MORGAN",0,0,1,0,FALSE,NA,NA,NA,2
"MUHLENBERG","111","MUHLENBERG","MUHLENBERG","MUHLENBERG","MUHLENBERG",0,0,1,0,FALSE,NA,NA,NA,3
"NELSON","095","NELSON","NELSON","NELSON","NELSON",0,0,1,0,FALSE,NA,NA,NA,2
"NICHOLAS","028","NICHOLAS","NICHOLAS","NICHOLAS","NICHOLAS",0,0,1,0,FALSE,NA,NA,NA,4
"OHIO","061","OHIO","OHIO","OHIO","OHIO",0,0,1,0,FALSE,NA,NA,NA,1
"OLDHAM","083","OLDHAM","OLDHAM","OLDHAM","OLDHAM",0,0,1,0,FALSE,NA,NA,NA,4
"OWEN","103","OWEN","OWEN","OWEN","OWEN",0,0,1,0,FALSE,NA,NA,NA,3
"OWSLEY","064","OWSLEY","OWSLEY","OWSLEY","OWSLEY",0,0,1,0,FALSE,NA,NA,NA,4
"PENDLETON","105","PENDLETON","PENDLETON","PENDLETON","PENDLETON",0,0,1,0,FALSE,NA,NA,NA,1
"PERRY","068","PERRY","PERRY","PERRY","PERRY",0,0,1,0,FALSE,NA,NA,NA,1
"PIKE","015","PIKE","PIKE","PIKE","PIKE",0,0,1,0,FALSE,NA,NA,NA,1
"POWELL","031","POWELL","POWELL","POWELL","POWELL",0,0,1,0,FALSE,NA,NA,NA,2
"PULASKI","076","PULASKI","PULASKI","PULASKI","PULASKI",0,0,1,0,FALSE,NA,NA,NA,2
"ROBERTSON","035","ROBERTSON","ROBERTSON","ROBERTSON","ROBERTSON",0,0,1,0,FALSE,NA,NA,NA,1
"ROCKCASTLE","039","ROCKCASTLE","ROCKCASTLE","ROCKCASTLE","ROCKCASTLE",0,0,1,0,FALSE,NA,NA,NA,4
"ROWAN","051","ROWAN","ROWAN","ROWAN","ROWAN",0,0,1,0,FALSE,NA,NA,NA,1
"RUSSELL","075","RUSSELL","RUSSELL","RUSSELL","RUSSELL",0,0,1,0,FALSE,NA,NA,NA,1
"SCOTT","025","SCOTT","SCOTT","SCOTT","SCOTT",0,0,1,0,FALSE,NA,NA,NA,1
"SHELBY","084","SHELBY","SHELBY","SHELBY","SHELBY",0,0,1,0,FALSE,NA,NA,NA,2
"SIMPSON","002","SIMPSON","SIMPSON","SIMPSON","SIMPSON",0,0,1,0,FALSE,NA,NA,NA,2
"SPENCER","085","SPENCER","SPENCER","SPENCER","SPENCER",0,0,1,0,FALSE,NA,NA,NA,1
"TAYLOR","071","TAYLOR","TAYLOR","TAYLOR","TAYLOR",0,0,1,0,FALSE,NA,NA,NA,2
"TODD","114","TODD","TODD","TODD","TODD",0,0,1,0,FALSE,NA,NA,NA,2
"TRIGG","112","TRIGG","TRIGG","TRIGG","TRIGG",0,0,1,0,FALSE,NA,NA,NA,1
"TRIMBLE","086","TRIMBLE","TRIMBLE","TRIMBLE","TRIMBLE",0,0,1,0,FALSE,NA,NA,NA,3
"UNION","056","UNION","UNION","UNION","UNION",0,0,1,0,FALSE,NA,NA,NA,2
"WARREN","004","WARREN","WARREN","WARREN","WARREN",0,0,1,0,FALSE,NA,NA,NA,4
"WASHINGTON","096","WASHINGTON","WASHINGTON","WASHINGTON","WASHINGTON",0,0,1,0,FALSE,NA,NA,NA,4
"WAYNE","079","WAYNE","WAYNE","WAYNE","WAYNE",0,0,1,0,FALSE,NA,NA,NA,4
"WEBSTER","058","WEBSTER","WEBSTER","WEBSTER","WEBSTER",0,0,1,0,FALSE,NA,NA,NA,3
"WHITLEY","043","WHITLEY","WHITLEY","WHITLEY","WHITLEY",0,0,1,0,FALSE,NA,NA,NA,4
"WOLFE","063","WOLFE","WOLFE","WOLFE","WOLFE",0,0,1,0,FALSE,NA,NA,NA,3
"WOODFORD","018","WOODFORD","WOODFORD","WOODFORD","WOODFORD",0,0,1,0,FALSE,NA,NA,NA,2
